City_ID,City,Country,Date,Lat,Lng,Max Temp,Humidity,Cloudiness,Wind Speed
0,Kavieng,PG,2021-06-08 14:05:51,-2.5744,150.7967,81.3,82,99,11.99
1,Klaksvik,FO,2021-06-08 14:05:51,62.2266,-6.589,50.92,97,49,15.59
2,Ushuaia,AR,2021-06-08 14:05:51,-54.8,-68.3,44.22,81,75,3.44
3,Rikitea,PF,2021-06-08 14:05:51,-23.1203,-134.9692,76.48,84,98,19.84
4,Fallon,US,2021-06-08 14:05:52,39.4735,-118.7774,60.58,25,1,3.44
5,Togur,RU,2021-06-08 14:05:52,58.3631,82.8265,41.81,72,98,17.09
6,Walvis Bay,NA,2021-06-08 14:05:52,-22.9575,14.5053,63.09,56,0,12.46
7,Maryville,US,2021-06-08 14:04:23,35.7565,-83.9705,79.16,89,98,1.01
8,Provideniya,RU,2021-06-08 14:05:52,64.3833,-173.3,34.59,87,12,3.02
9,Hervey Bay,AU,2021-06-08 14:05:53,-25.2986,152.8535,70.03,88,100,5.99
10,Hasaki,JP,2021-06-08 14:05:53,35.7333,140.8333,70.2,78,64,9.42
11,Kodiak,US,2021-06-08 14:05:53,57.79,-152.4072,42.31,81,1,5.75
12,Esperance,AU,2021-06-08 14:05:54,-33.8667,121.9,52.61,72,99,10.45
13,Mar Del Plata,AR,2021-06-08 14:05:54,-38.0023,-57.5575,55.99,91,0,7.0
14,Busselton,AU,2021-06-08 14:05:54,-33.65,115.3333,56.05,56,100,19.19
15,Vaini,TO,2021-06-08 14:05:55,-21.2,-175.2,62.76,94,20,4.61
16,Kruisfontein,ZA,2021-06-08 14:05:55,-34.0033,24.7314,76.89,34,11,11.05
17,Chokurdakh,RU,2021-06-08 14:05:55,70.6333,147.9167,36.54,78,30,1.52
18,Mazatlan,MX,2021-06-08 14:05:10,23.2167,-106.4167,84.02,86,1,1.01
19,Yellowknife,CA,2021-06-08 14:03:26,62.456,-114.3525,41.32,86,100,5.99
20,Nabire,ID,2021-06-08 14:05:56,-3.3667,135.4833,76.66,90,100,2.82
21,Birjand,IR,2021-06-08 14:05:56,32.8663,59.2211,97.27,11,20,16.11
22,Tazovskiy,RU,2021-06-08 14:05:56,67.4667,78.7,39.11,68,97,8.48
23,Clyde River,CA,2021-06-08 14:05:57,70.4692,-68.5914,36.16,85,1,5.17
24,Zatoka,UA,2021-06-08 14:05:57,46.0725,30.4654,73.94,72,78,10.18
25,Saskylakh,RU,2021-06-08 14:05:57,71.9167,114.0833,40.91,54,97,12.01
26,Batagay,RU,2021-06-08 14:05:57,67.6333,134.6333,50.83,71,100,5.91
27,Khatanga,RU,2021-06-08 14:05:58,71.9667,102.5,36.97,75,100,11.12
28,Atuona,PF,2021-06-08 14:05:58,-9.8,-139.0333,78.89,81,59,17.0
29,Dikson,RU,2021-06-08 14:05:58,73.5069,80.5464,31.08,90,16,14.12
30,Lebu,CL,2021-06-08 14:05:58,-37.6167,-73.65,55.99,96,100,18.68
31,Khani,GE,2021-06-08 14:05:59,41.9563,42.9566,74.77,47,45,5.03
32,Hermanus,ZA,2021-06-08 14:05:59,-34.4187,19.2345,67.8,71,2,6.53
33,Hobart,AU,2021-06-08 14:05:59,-42.8794,147.3294,51.26,92,75,5.64
34,Seymchan,RU,2021-06-08 14:06:00,62.8833,152.4333,43.59,78,0,3.51
35,Pevek,RU,2021-06-08 14:06:00,69.7008,170.3133,43.92,74,5,7.78
36,Pontianak,ID,2021-06-08 14:06:00,-0.0333,109.3333,82.38,89,40,1.79
37,Mikhaylovka,RU,2021-06-08 14:06:01,50.06,43.2379,71.08,61,93,4.72
38,Bethel,US,2021-06-08 14:06:01,41.3712,-73.414,87.08,79,1,4.61
39,Huilong,CN,2021-06-08 14:06:02,31.8111,121.655,78.04,96,100,10.47
40,Solnechnyy,RU,2021-06-08 14:06:02,50.7214,136.6319,62.28,76,7,3.87
41,Mataura,NZ,2021-06-08 14:06:02,-46.1927,168.8643,49.48,96,100,2.51
42,Longyearbyen,SJ,2021-06-08 14:01:56,78.2186,15.6401,37.24,75,75,13.8
43,Norman Wells,CA,2021-06-08 14:06:03,65.282,-126.8329,44.58,52,8,7.72
44,Butaritari,KI,2021-06-08 14:06:03,3.0707,172.7902,81.03,77,61,5.32
45,Cape Town,ZA,2021-06-08 14:06:03,-33.9258,18.4232,70.88,55,47,8.99
46,Cidreira,BR,2021-06-08 14:06:04,-30.1811,-50.2056,64.81,79,100,16.2
47,Tasiilaq,GL,2021-06-08 14:06:04,65.6145,-37.6368,42.96,90,96,1.41
48,Castro,BR,2021-06-08 14:06:04,-24.7911,-50.0119,55.38,98,100,8.3
49,Alofi,NU,2021-06-08 14:06:05,-19.0595,-169.9187,76.89,94,90,10.36
50,Hovd,MN,2021-06-08 14:06:05,48.0056,91.6419,66.34,17,100,1.45
51,Mogadishu,SO,2021-06-08 14:06:05,2.0371,45.3438,80.62,76,14,17.27
52,Hilo,US,2021-06-08 14:03:39,19.7297,-155.09,73.27,92,54,4.0
53,Punta Arenas,CL,2021-06-08 14:06:05,-53.15,-70.9167,39.31,93,90,6.55
54,New Norfolk,AU,2021-06-08 14:06:06,-42.7826,147.0587,50.92,84,99,3.0
55,Weligama,LK,2021-06-08 14:06:06,5.9667,80.4167,78.37,87,12,11.27
56,Byron Bay,AU,2021-06-08 14:06:06,-28.65,153.6167,64.35,74,10,18.52
57,Kandrian,PG,2021-06-08 14:06:07,-6.2167,149.55,76.93,91,65,5.14
58,Tiksi,RU,2021-06-08 14:06:07,71.6872,128.8694,36.01,90,100,5.77
59,Astana,KZ,2021-06-08 14:06:07,51.1801,71.446,80.55,21,0,6.89
60,Albany,US,2021-06-08 14:04:40,42.6001,-73.9662,85.75,69,100,1.05
61,Quimper,FR,2021-06-08 14:06:08,48.0,-4.1,73.98,60,75,6.91
62,Port Elizabeth,ZA,2021-06-08 14:06:08,-33.918,25.5701,79.11,40,6,5.55
63,Airai,TL,2021-06-08 14:06:08,-8.9266,125.4092,58.59,91,80,2.46
64,Kapaa,US,2021-06-08 14:06:09,22.0752,-159.319,76.12,80,90,1.01
65,Jamestown,US,2021-06-08 14:06:09,42.097,-79.2353,74.52,91,75,4.0
66,Isabela,PH,2021-06-08 14:06:09,6.7085,121.9711,80.42,80,100,3.62
67,Moree,AU,2021-06-08 14:06:10,-29.4667,149.85,57.22,94,90,8.05
68,Chapais,CA,2021-06-08 14:06:10,49.7834,-74.8492,63.93,42,42,9.66
69,Vila,PT,2021-06-08 14:06:10,42.0304,-8.1588,74.75,47,0,6.02
70,Saint-Philippe,RE,2021-06-08 14:06:10,-21.3585,55.7679,72.99,76,25,14.12
71,Charters Towers,AU,2021-06-08 14:06:11,-20.1,146.2667,64.63,87,92,5.53
72,Pecos,US,2021-06-08 14:03:32,31.4229,-103.4932,85.3,19,1,8.05
73,Kaseda,JP,2021-06-08 14:06:11,31.4167,130.3167,73.31,88,100,2.17
74,Ajaccio,FR,2021-06-08 14:02:44,42.0,8.9167,73.56,88,75,5.48
75,Pacific Grove,US,2021-06-08 14:03:31,36.6177,-121.9166,54.66,85,19,1.01
76,Guerrero Negro,MX,2021-06-08 14:02:37,27.9769,-114.0611,61.75,76,99,13.58
77,Willmar,US,2021-06-08 14:06:12,45.1219,-95.0433,84.22,42,1,13.8
78,Palu,ID,2021-06-08 14:06:12,-0.8917,119.8707,75.92,96,69,1.99
79,Rabo De Peixe,PT,2021-06-08 14:06:12,37.8,-25.5833,69.31,83,40,9.37
80,Garmsar,IR,2021-06-08 14:06:13,35.2182,52.3409,97.27,5,0,6.89
81,Kaitangata,NZ,2021-06-08 14:06:13,-46.2817,169.8464,41.94,88,91,3.4
82,Georgetown,MY,2021-06-08 14:05:31,5.4112,100.3354,84.13,70,20,2.64
83,Novoorsk,RU,2021-06-08 14:06:13,51.381,58.9813,79.45,34,32,9.01
84,Ribas Do Rio Pardo,BR,2021-06-08 14:06:14,-20.4431,-53.7592,80.04,38,96,6.2
85,Buala,SB,2021-06-08 14:06:14,-8.145,159.5921,79.23,82,82,8.05
86,Sao Borja,BR,2021-06-08 14:05:16,-28.6606,-56.0044,63.82,90,71,3.76
87,Gat,IL,2021-06-08 14:03:04,31.61,34.7642,85.41,44,18,13.42
88,Puerto Ayora,EC,2021-06-08 14:06:14,-0.7393,-90.3518,76.96,90,64,5.01
89,Banyo,CM,2021-06-08 14:06:15,6.75,11.8167,81.86,56,38,6.08
90,San Patricio,US,2021-06-08 14:06:15,28.017,-97.5169,84.29,81,45,16.82
91,Deputatskiy,RU,2021-06-08 14:06:15,69.3,139.9,37.17,87,16,1.39
92,Ancud,CL,2021-06-08 14:06:16,-41.8697,-73.8203,52.23,78,100,17.92
93,Ilulissat,GL,2021-06-08 14:06:16,69.2167,-51.1,46.42,61,20,4.61
94,Mende,FR,2021-06-08 14:06:16,44.6667,3.5,65.19,44,67,8.01
95,Alice Springs,AU,2021-06-08 14:06:16,-23.7,133.8833,44.15,53,9,7.23
96,Grootfontein,NA,2021-06-08 14:06:17,-19.5667,18.1167,74.52,25,5,9.26
97,Port Alfred,ZA,2021-06-08 14:06:17,-33.5906,26.891,75.43,41,100,7.85
98,Cuamba,MZ,2021-06-08 14:06:17,-14.8031,36.5372,71.65,53,96,7.43
99,Souillac,MU,2021-06-08 14:06:17,-20.5167,57.5167,72.36,68,94,19.1
100,Cabo San Lucas,MX,2021-06-08 14:02:08,22.8909,-109.9124,88.81,53,4,6.2
101,Santa Isabel,BR,2021-06-08 14:04:23,-23.3156,-46.2214,67.71,75,82,3.27
102,Barabai,ID,2021-06-08 14:06:18,-2.5833,115.3833,78.93,80,99,1.39
103,Iqaluit,CA,2021-06-08 14:06:18,63.7506,-68.5145,33.53,86,90,8.99
104,Avarua,CK,2021-06-08 14:06:19,-21.2078,-159.775,68.05,94,77,3.44
105,Opuwo,NA,2021-06-08 14:06:19,-18.0607,13.84,80.94,16,17,8.93
106,Pacifica,US,2021-06-08 14:02:00,37.6138,-122.4869,55.71,88,75,1.01
107,Thompson,CA,2021-06-08 14:06:19,55.7435,-97.8558,50.16,87,75,6.91
108,Saldanha,ZA,2021-06-08 14:06:19,-33.0117,17.9442,64.06,71,13,11.43
109,Emerald,AU,2021-06-08 14:06:20,-23.5333,148.1667,64.35,74,68,8.1
110,Qaanaaq,GL,2021-06-08 14:06:20,77.484,-69.3632,40.93,83,99,6.17
111,Nikolskoye,RU,2021-06-08 14:06:21,59.7035,30.7861,71.49,41,88,8.99
112,Santa Marta,CO,2021-06-08 14:03:53,11.2408,-74.199,82.98,75,100,1.1
113,Kahului,US,2021-06-08 14:06:22,20.8947,-156.47,75.85,75,90,8.05
114,Kaeo,NZ,2021-06-08 14:06:22,-35.1,173.7833,57.33,96,99,16.35
115,Namatanai,PG,2021-06-08 14:06:22,-3.6667,152.4333,79.5,83,87,6.67
116,Tigil,RU,2021-06-08 14:06:23,57.8,158.6667,46.76,78,100,4.34
117,Tabuk,PH,2021-06-08 14:06:23,17.4189,121.4443,74.8,94,100,2.51
118,Banda Aceh,ID,2021-06-08 14:06:23,5.5577,95.3222,81.19,77,100,12.17
119,San Pedro,PH,2021-06-08 14:06:24,14.35,121.0167,81.63,86,40,2.24
120,Cabedelo,BR,2021-06-08 14:06:24,-6.9811,-34.8339,84.87,77,94,12.48
121,Hithadhoo,MV,2021-06-08 14:06:24,-0.6,73.0833,83.32,73,73,10.0
122,Colac,AU,2021-06-08 14:06:25,-38.3333,143.5833,49.62,93,100,16.93
123,Taksimo,RU,2021-06-08 14:03:57,56.3444,114.8794,50.61,91,100,3.6
124,Bluff,NZ,2021-06-08 14:06:25,-46.6,168.3333,49.8,87,100,6.13
125,Tual,ID,2021-06-08 14:06:25,-5.6667,132.75,81.23,81,41,18.28
126,Barrow,US,2021-06-08 14:01:27,71.2906,-156.7887,30.22,86,90,17.27
127,Kaka,TM,2021-06-08 14:06:26,37.3482,59.6143,92.07,22,0,7.38
128,Camana,PE,2021-06-08 14:06:26,-16.6228,-72.7111,68.58,67,10,9.82
129,Naze,JP,2021-06-08 14:06:26,28.3667,129.4833,74.05,90,100,4.47
130,Tura,IN,2021-06-08 14:06:27,25.5198,90.2201,75.25,92,9,3.85
131,Cherskiy,RU,2021-06-08 14:06:27,68.75,161.3,39.51,83,87,10.13
132,Porto Alegre,BR,2021-06-08 14:06:27,-30.0331,-51.23,63.95,84,90,5.01
133,Opelousas,US,2021-06-08 14:06:27,30.5335,-92.0815,84.79,83,75,5.75
134,Vao,NC,2021-06-08 14:06:28,-22.6667,167.4833,68.65,66,92,6.2
135,Harper,LR,2021-06-08 14:06:28,4.375,-7.7169,83.68,70,98,8.3
136,Padang,ID,2021-06-08 14:06:28,-0.9492,100.3543,80.65,87,80,2.57
137,Kotelnikovo,RU,2021-06-08 14:06:29,47.6317,43.1461,69.01,65,90,12.44
138,Bredasdorp,ZA,2021-06-08 14:06:29,-34.5322,20.0403,67.28,68,0,6.51
139,Benton Harbor,US,2021-06-08 14:06:29,42.1167,-86.4542,78.31,83,40,0.0
140,Kieta,PG,2021-06-08 14:06:30,-6.2167,155.6333,80.26,84,92,7.45
141,Lorengau,PG,2021-06-08 14:06:30,-2.0226,147.2712,81.0,78,87,2.68
142,Delemont,CH,2021-06-08 14:06:30,47.3649,7.3445,72.32,82,90,4.85
143,Husavik,IS,2021-06-08 14:06:30,66.0449,-17.3389,47.59,81,93,4.74
144,Novobiryusinskiy,RU,2021-06-08 14:06:31,56.9578,97.7076,59.34,73,24,4.76
145,La Ronge,CA,2021-06-08 14:06:31,55.1001,-105.2842,53.82,94,90,3.44
146,Havelock,US,2021-06-08 14:06:31,34.8791,-76.9013,80.98,87,75,5.99
147,Upernavik,GL,2021-06-08 14:06:31,72.7868,-56.1549,37.67,84,0,2.62
148,Novita,CO,2021-06-08 14:06:32,4.9551,-76.6053,75.15,95,100,1.1
149,Samarai,PG,2021-06-08 14:06:32,-10.6167,150.6667,78.94,85,48,14.09
150,Roald,NO,2021-06-08 14:06:32,62.5833,6.1333,68.11,67,20,6.91
151,Akyab,MM,2021-06-08 14:06:33,20.15,92.9,83.62,79,99,7.18
152,Jibuti,DJ,2021-06-08 14:06:33,11.5,42.5,90.82,18,53,6.17
153,Oyama,JP,2021-06-08 14:06:33,36.3,139.8,75.58,64,10,1.9
154,Saryg-Sep,RU,2021-06-08 14:06:34,51.5,95.6,57.04,49,0,4.41
155,Kharhial,IN,2021-06-08 14:06:34,20.2833,82.7667,87.82,54,100,5.93
156,Flin Flon,CA,2021-06-08 14:06:34,54.7682,-101.865,58.35,71,7,2.44
157,Pisco,PE,2021-06-08 14:05:10,-13.7,-76.2167,63.01,86,59,3.94
158,Calatayud,ES,2021-06-08 14:06:30,41.3535,-1.6432,89.55,23,1,4.72
159,Pekan,MY,2021-06-08 14:06:35,3.4836,103.3996,80.71,85,14,6.42
160,Wagga Wagga,AU,2021-06-08 14:06:35,-35.1167,147.3667,43.61,100,40,0.49
161,Constitucion,CL,2021-06-08 14:06:35,-35.3333,-72.4167,57.34,62,35,8.52
162,Narsaq,GL,2021-06-08 14:06:35,60.9167,-46.05,64.62,52,17,10.36
163,Penzance,GB,2021-06-08 14:06:36,50.1186,-5.5371,62.71,83,40,12.66
164,Makakilo City,US,2021-06-08 14:06:36,21.3469,-158.0858,73.72,78,1,4.61
165,Fare,PF,2021-06-08 14:06:36,-16.7,-151.0167,78.94,78,50,14.65
166,Sept-Iles,CA,2021-06-08 14:06:37,50.2001,-66.3821,65.12,49,11,16.98
167,Joshimath,IN,2021-06-08 14:06:37,30.5667,79.5667,72.91,67,1,1.74
168,Mayo,US,2021-06-08 14:03:11,38.8876,-76.5119,83.95,80,100,1.99
169,Arraial Do Cabo,BR,2021-06-08 14:06:37,-22.9661,-42.0278,75.06,78,75,12.66
170,Vanimo,PG,2021-06-08 14:06:37,-2.6741,141.3028,78.84,85,92,1.83
171,Pitimbu,BR,2021-06-08 14:06:38,-7.4706,-34.8086,84.79,76,100,10.16
172,Salalah,OM,2021-06-08 14:06:38,17.0151,54.0924,86.09,79,75,12.66
173,Krasnoselkup,RU,2021-06-08 14:06:38,65.7,82.4667,46.71,45,86,10.02
174,Hamilton,US,2021-06-08 14:06:39,39.1834,-84.5333,77.74,89,75,1.01
175,Namibe,AO,2021-06-08 14:05:30,-15.1961,12.1522,81.14,45,72,19.17
176,Luderitz,NA,2021-06-08 14:06:39,-26.6481,15.1594,63.1,74,0,6.55
177,Nesna,NO,2021-06-08 14:06:39,66.1967,13.0213,70.57,87,99,4.07
178,Sardarshahr,IN,2021-06-08 14:06:40,28.4333,74.4833,104.41,20,0,9.75
179,Agalatovo,RU,2021-06-08 14:06:40,60.2195,30.2739,70.74,32,27,8.84
180,Sanlucar De Barrameda,ES,2021-06-08 14:06:40,36.7781,-6.3515,98.69,51,0,10.98
181,Severo-Kurilsk,RU,2021-06-08 14:06:41,50.6789,156.125,42.42,96,100,5.91
182,Palauig,PH,2021-06-08 14:06:41,15.435,119.9045,81.36,82,100,7.45
183,Wiwili,NI,2021-06-08 14:06:41,13.6268,-85.8254,79.57,74,66,3.69
184,Mahebourg,MU,2021-06-08 14:06:41,-20.4081,57.7,72.25,65,92,17.74
185,Sampit,ID,2021-06-08 14:06:42,-2.5333,112.95,76.78,90,73,2.66
186,Pangnirtung,CA,2021-06-08 14:06:42,66.1451,-65.7125,37.4,87,75,4.61
187,Bejucal,CU,2021-06-08 14:06:42,22.9286,-82.3886,81.63,69,20,9.22
188,Chiredzi,ZW,2021-06-08 14:06:43,-21.05,31.6667,69.85,46,97,4.45
189,Brigantine,US,2021-06-08 14:04:29,39.4101,-74.3646,88.27,70,1,8.48
190,Dukat,RU,2021-06-08 14:06:43,62.55,155.55,43.23,88,100,4.5
191,Amahai,ID,2021-06-08 14:06:44,-3.3333,128.9167,78.13,87,91,2.75
192,Oussouye,SN,2021-06-08 14:06:44,12.485,-16.5469,93.97,46,14,11.56
193,Lulea,SE,2021-06-08 14:06:44,65.5842,22.1547,66.27,59,0,9.22
194,Lompoc,US,2021-06-08 14:06:44,34.6391,-120.4579,57.78,76,90,4.61
195,Kamaishi,JP,2021-06-08 14:06:45,39.2667,141.8833,60.53,89,1,7.7
196,Chuy,UY,2021-06-08 14:06:45,-33.6971,-53.4616,63.1,79,97,12.68
197,Telde,ES,2021-06-08 14:06:46,27.9924,-15.4192,73.62,69,0,27.63
198,Kimbe,PG,2021-06-08 14:06:46,-5.5502,150.1429,76.39,93,86,3.56
199,Victoria,HK,2021-06-08 14:05:25,22.2855,114.1577,84.96,83,94,3.0
200,Oster,UA,2021-06-08 14:06:46,50.9506,30.8823,77.79,71,95,10.09
201,Ayna,PE,2021-06-08 14:06:46,-12.65,-73.9167,64.9,68,44,3.38
202,Aasiaat,GL,2021-06-08 14:06:47,68.7098,-52.8699,37.92,83,21,7.29
203,Tuktoyaktuk,CA,2021-06-08 14:06:47,69.4541,-133.0374,35.13,76,15,11.88
204,Pimentel,PE,2021-06-08 14:06:47,-6.8367,-79.9342,66.49,85,40,4.0
205,Carnarvon,AU,2021-06-08 14:06:48,-24.8667,113.6333,69.87,40,75,17.27
206,Nicoya,CR,2021-06-08 14:06:48,10.1483,-85.452,78.35,87,89,4.18
207,Vestmanna,FO,2021-06-08 14:06:48,62.1564,-7.1664,49.12,100,90,10.78
208,Meulaboh,ID,2021-06-08 14:06:49,4.1363,96.1285,78.01,85,100,1.1
209,Jalu,LY,2021-06-08 14:06:49,29.0331,21.5482,100.85,11,4,1.16
210,Saint Anthony,US,2021-06-08 14:06:49,45.0205,-93.218,84.06,62,1,1.01
211,Cranbrook,CA,2021-06-08 14:06:49,49.4999,-115.7688,45.86,53,100,1.57
212,Matias Romero,MX,2021-06-08 14:06:50,16.8833,-95.0333,81.63,71,99,4.43
213,Half Moon Bay,US,2021-06-08 14:06:50,37.4636,-122.4286,55.89,82,75,8.05
214,Vestmannaeyjar,IS,2021-06-08 14:06:50,63.4427,-20.2734,48.79,78,100,5.64
215,Barentu,ER,2021-06-08 14:06:51,15.1139,37.5928,97.07,18,12,13.58
216,Inverell,AU,2021-06-08 14:06:51,-29.7833,151.1167,55.67,92,100,14.72
217,Eenhana,NA,2021-06-08 14:06:51,-17.4667,16.3333,84.06,16,0,5.28
218,Bambous Virieux,MU,2021-06-08 14:06:51,-20.3428,57.7575,72.21,64,99,17.31
219,Masvingo,ZW,2021-06-08 14:06:52,-20.0637,30.8277,63.28,50,80,11.45
220,Avera,US,2021-06-08 14:06:52,33.194,-82.5271,76.51,83,100,4.74
221,Igrim,RU,2021-06-08 14:06:52,63.1906,64.4162,57.22,24,58,6.29
222,Kloulklubed,PW,2021-06-08 14:06:53,7.0419,134.2556,77.5,71,77,4.54
223,Faanui,PF,2021-06-08 14:06:53,-16.4833,-151.75,79.36,78,98,15.77
224,Marsa Matruh,EG,2021-06-08 14:06:53,31.3525,27.2453,82.35,46,0,9.28
225,Bandarbeyla,SO,2021-06-08 14:06:54,9.4942,50.8122,82.0,76,2,31.76
226,Katobu,ID,2021-06-08 14:06:54,-4.9408,122.5276,74.91,89,92,4.5
227,Jimenez,MX,2021-06-08 14:06:54,28.3333,-105.4,79.54,17,89,3.31
228,Sakakah,SA,2021-06-08 14:06:55,29.9697,40.2064,102.9,6,0,16.4
229,Zambezi,ZM,2021-06-08 14:06:55,-13.5432,23.1047,81.32,25,56,4.79
230,Pachino,IT,2021-06-08 14:06:55,36.7186,15.0907,81.59,67,0,13.22
231,Nanortalik,GL,2021-06-08 14:06:56,60.1432,-45.2371,42.51,74,36,3.04
232,Port Moresby,PG,2021-06-08 14:06:56,-9.4431,147.1797,76.33,92,70,6.87
233,Fortuna,US,2021-06-08 14:06:56,40.5982,-124.1573,50.94,75,90,3.0
234,Hobyo,SO,2021-06-08 14:06:57,5.3505,48.5268,81.07,76,5,28.27
235,Faya,SA,2021-06-08 14:06:57,18.3851,42.4509,86.52,11,41,16.87
236,Sungaipenuh,ID,2021-06-08 14:06:57,-2.0833,101.3833,66.11,99,100,0.81
237,Pasighat,IN,2021-06-08 14:06:58,28.0667,95.3333,74.53,95,86,4.45
238,Xining,CN,2021-06-08 14:06:58,36.6167,101.7667,57.96,69,95,7.02
239,San Cristobal,VE,2021-06-08 14:06:58,7.7669,-72.225,78.44,54,70,7.05
240,Ribeira Grande,PT,2021-06-08 14:06:58,38.5167,-28.7,68.4,94,75,12.66
241,Ust-Kuyga,RU,2021-06-08 14:06:59,70.0167,135.6,47.5,78,90,3.65
242,Wanning,CN,2021-06-08 14:06:59,18.8003,110.3967,80.67,86,100,7.31
243,Mattru,SL,2021-06-08 14:06:59,7.6244,-11.8332,88.18,60,97,4.32
244,Port Hedland,AU,2021-06-08 14:07:00,-20.3167,118.5667,77.05,20,100,13.8
245,Libreville,GA,2021-06-08 14:07:00,0.3925,9.4537,86.02,79,40,11.5
246,Winneba,GH,2021-06-08 14:07:00,5.3511,-0.6231,85.73,66,28,11.74
247,Nhulunbuy,AU,2021-06-08 14:07:02,-12.2333,136.7667,75.81,88,40,8.05
248,Makungu,TZ,2021-06-08 14:07:02,-8.7333,35.2833,69.3,60,51,6.4
249,Mosquera,CO,2021-06-08 14:04:26,4.7059,-74.2302,56.97,82,98,1.9
250,Grindavik,IS,2021-06-08 14:07:02,63.8424,-22.4338,50.56,87,75,9.08
251,Korla,CN,2021-06-08 14:07:03,41.7597,86.1469,85.08,20,33,7.58
252,Lethem,GY,2021-06-08 14:07:03,3.3803,-59.7968,83.03,74,67,8.84
253,East London,ZA,2021-06-08 14:07:03,-33.0153,27.9116,73.11,48,33,6.15
254,Balikpapan,ID,2021-06-08 14:07:04,-1.2675,116.8289,78.04,83,65,1.9
255,Garowe,SO,2021-06-08 14:05:18,8.4054,48.4845,94.64,26,3,20.24
256,Likasi,CD,2021-06-08 14:07:04,-10.9814,26.7333,76.41,36,3,5.23
257,Fredericton,CA,2021-06-08 14:03:12,45.9454,-66.6656,85.37,62,94,7.0
258,Mareeba,AU,2021-06-08 14:07:04,-17.0,145.4333,65.44,95,41,1.01
259,Muriti,TZ,2021-06-08 14:07:05,-1.9833,32.9167,76.53,55,51,6.35
260,Mossendjo,CG,2021-06-08 14:07:05,-2.9506,12.7261,79.41,83,40,3.47
261,Churapcha,RU,2021-06-08 14:07:05,62.0025,132.4325,56.46,66,80,7.4
262,Rendsburg,DE,2021-06-08 14:07:05,54.3,9.6667,75.31,33,20,8.05
263,Mandera,KE,2021-06-08 14:07:06,3.9366,41.867,94.21,30,18,20.94
264,Vryheid,ZA,2021-06-08 14:07:06,-27.7695,30.7917,64.24,33,3,7.87
265,Biu,NG,2021-06-08 14:07:06,10.6129,12.1946,93.61,31,25,3.33
266,Saint-Pierre,RE,2021-06-08 14:07:07,-21.3393,55.4781,73.08,62,40,17.27
267,Port Blair,IN,2021-06-08 14:07:07,11.6667,92.75,81.73,84,100,16.44
268,Talnakh,RU,2021-06-08 14:07:07,69.4865,88.3972,34.36,87,97,1.99
269,Torbay,CA,2021-06-08 14:07:07,47.6666,-52.7314,81.88,70,8,20.87
270,Kut Chap,TH,2021-06-08 14:02:11,17.4257,102.5669,80.4,93,100,2.21
271,Bathsheba,BB,2021-06-08 14:07:08,13.2167,-59.5167,88.41,55,40,19.71
272,Rudnogorsk,RU,2021-06-08 14:07:08,57.2639,103.7519,49.6,46,75,4.27
273,Ketchikan,US,2021-06-08 14:07:08,55.3422,-131.6461,50.47,87,1,10.36
274,Saint-Ambroise,CA,2021-06-08 14:07:09,48.5501,-71.3324,79.57,52,5,10.13
275,Nara,JP,2021-06-08 14:07:09,34.6851,135.8049,76.28,59,5,1.81
276,Tranas,SE,2021-06-08 14:07:09,58.0372,14.9782,72.37,37,94,5.97
277,Tonj,SS,2021-06-08 14:07:10,7.2737,28.6822,97.93,27,56,5.82
278,Basugaon,IN,2021-06-08 14:07:10,26.4667,90.4,78.93,89,3,1.97
279,Qaqortoq,GL,2021-06-08 14:07:10,60.7167,-46.0333,64.9,75,21,7.74
280,Abong Mbang,CM,2021-06-08 14:07:10,3.9833,13.1833,79.11,74,99,4.07
281,Rundu,NA,2021-06-08 14:07:11,-17.9333,19.7667,81.84,19,0,2.68
282,Saint-Francois,FR,2021-06-08 14:07:11,46.4154,3.9054,75.42,50,90,9.22
283,Phra Phutthabat,TH,2021-06-08 14:07:11,14.7253,100.7954,85.66,88,100,10.54
284,Znamenskoye,RU,2021-06-08 14:07:12,57.1281,73.8282,55.27,47,53,7.63
285,Madaoua,NE,2021-06-08 14:07:12,14.073,5.96,107.13,14,13,7.56
286,Ambon,ID,2021-06-08 14:07:12,-3.6954,128.1814,80.15,82,46,9.66
287,Katsuura,JP,2021-06-08 14:07:12,35.1333,140.3,74.1,78,57,16.62
288,Manokwari,ID,2021-06-08 14:07:13,-0.8667,134.0833,78.94,81,49,3.8
289,Raudeberg,NO,2021-06-08 14:07:13,61.9875,5.1352,64.0,81,14,2.19
290,Bontang,ID,2021-06-08 14:03:26,0.1333,117.5,81.55,78,93,5.82
291,Akureyri,IS,2021-06-08 14:07:13,65.6835,-18.0878,56.25,48,86,3.53
292,Eyrarbakki,IS,2021-06-08 14:07:14,63.863,-21.1481,52.21,75,89,7.16
293,Vardo,NO,2021-06-08 14:07:14,70.3705,31.1107,57.4,81,20,9.22
294,Nelson Bay,AU,2021-06-08 14:07:14,-32.7167,152.15,55.99,95,100,12.86
295,Lucea,JM,2021-06-08 14:07:14,18.451,-78.1736,85.86,76,38,16.15
296,Luwuk,ID,2021-06-08 14:07:15,-0.9516,122.7875,77.18,83,78,3.56
297,Rocha,UY,2021-06-08 14:07:15,-34.4833,-54.3333,61.95,79,98,12.71
298,Zhirnovsk,RU,2021-06-08 14:07:15,50.9845,44.7735,72.95,55,99,5.01
299,Mount Gambier,AU,2021-06-08 14:07:15,-37.8333,140.7667,48.11,87,100,21.85
300,Bambanglipuro,ID,2021-06-08 14:07:16,-7.95,110.2833,63.61,80,100,5.68
301,Zhumadian,CN,2021-06-08 14:07:16,32.9794,114.0294,85.12,39,100,4.59
302,Espoo,FI,2021-06-08 14:07:16,60.25,24.6667,71.94,51,0,3.0
303,Quelimane,MZ,2021-06-08 14:07:17,-17.8786,36.8883,74.39,60,36,5.97
304,Fairbanks,US,2021-06-08 14:07:17,64.8378,-147.7164,50.59,94,90,5.75
305,Trairi,BR,2021-06-08 14:03:52,-3.2778,-39.2689,86.61,59,97,9.15
306,Sao Filipe,CV,2021-06-08 14:07:17,14.8961,-24.4956,80.67,56,42,9.44
307,Dawlatabad,AF,2021-06-08 14:07:18,36.4141,64.9053,95.74,18,0,11.83
308,Krasnovishersk,RU,2021-06-08 14:07:18,60.4078,57.082,62.49,31,7,4.09
309,Baker City,US,2021-06-08 14:06:47,44.7749,-117.8344,51.64,61,1,3.44
310,Launceston,AU,2021-06-08 14:07:18,-41.45,147.1667,47.84,91,40,5.57
311,Lazaro Cardenas,MX,2021-06-08 14:07:19,17.9583,-102.2,82.9,69,83,2.98
312,Grand Gaube,MU,2021-06-08 14:07:19,-20.0064,57.6608,72.37,62,58,5.01
313,Puqi,CN,2021-06-08 14:07:19,29.7167,113.8833,79.9,72,99,2.91
314,Portland,US,2021-06-08 14:07:20,45.5234,-122.6762,54.36,87,75,1.99
315,Lagoa,PT,2021-06-08 14:07:20,39.05,-27.9833,65.08,93,38,17.22
316,Bitung,ID,2021-06-08 14:07:20,1.4451,125.1824,79.65,84,66,7.36
317,Senanga,ZM,2021-06-08 14:07:20,-16.1167,23.2667,80.85,22,28,4.16
318,Shunyi,CN,2021-06-08 14:07:21,40.125,116.6453,76.95,69,100,6.71
319,Petropavlovskoye,RU,2021-06-08 14:07:21,52.0712,84.107,59.79,89,100,8.81
320,Goderich,CA,2021-06-08 14:07:21,43.7501,-81.7165,77.04,96,100,4.76
321,Marzuq,YE,2021-06-08 14:07:22,14.4,46.4667,93.87,22,29,15.28
322,Rumphi,MW,2021-06-08 14:07:22,-11.0186,33.8575,69.51,62,51,8.99
323,Inhambane,MZ,2021-06-08 14:07:22,-23.865,35.3833,72.19,67,46,9.82
324,Jawar,IN,2021-06-08 14:07:23,23.0,76.5,86.95,53,60,6.44
325,Nador,MA,2021-06-08 14:07:23,35.174,-2.9287,71.85,78,40,5.97
326,Aklavik,CA,2021-06-08 14:07:23,68.2191,-135.0107,47.19,56,45,4.45
327,Tucuman,AR,2021-06-08 14:03:20,-26.8241,-65.2226,64.33,60,0,3.11
328,Rosbach,DE,2021-06-08 14:07:24,50.8,7.6167,74.71,54,63,5.32
329,Naica,MX,2021-06-08 14:07:24,27.85,-105.4833,80.98,20,93,6.15
330,Arkadelphia,US,2021-06-08 14:03:42,34.1209,-93.0538,76.59,99,90,0.0
331,Cochrane,CA,2021-06-08 14:07:24,51.1834,-114.4687,45.86,87,100,2.1
332,Darnah,LY,2021-06-08 14:07:24,32.767,22.6367,77.0,64,10,16.55
333,Mezhdurechensk,RU,2021-06-08 14:07:25,53.6942,88.0603,64.99,75,5,0.94
334,Takaungu,KE,2021-06-08 14:07:25,-3.6837,39.8566,80.28,66,58,20.02
335,Trinidad,BO,2021-06-08 14:07:25,-14.8333,-64.9,76.77,77,87,2.1
336,Don Benito,ES,2021-06-08 14:07:25,38.9563,-5.8616,96.93,12,8,6.06
337,Buchanan,LR,2021-06-08 14:05:18,5.8808,-10.0467,83.62,71,95,7.9
338,Tarauaca,BR,2021-06-08 14:07:26,-8.1614,-70.7656,76.06,90,99,0.63
339,Miri,MY,2021-06-08 14:07:26,4.4148,114.0089,80.04,81,100,3.76
340,Cururupu,BR,2021-06-08 14:07:26,-1.8283,-44.8683,87.24,60,43,4.94
341,Berlevag,NO,2021-06-08 14:07:27,70.8578,29.0864,55.2,71,75,8.05
342,Bayan,CN,2021-06-08 14:07:27,46.0833,127.4,66.4,58,100,5.32
343,Sheridan,US,2021-06-08 14:03:55,44.8333,-106.9173,72.3,59,1,6.91
344,Baghdad,IQ,2021-06-08 14:03:42,33.3406,44.4009,103.68,6,97,14.18
345,Yenagoa,NG,2021-06-08 14:07:27,4.9247,6.2642,85.44,72,85,5.14
346,Lasa,IT,2021-06-08 14:07:27,46.6166,10.7002,70.63,87,100,2.86
347,Moengo,SR,2021-06-08 14:07:28,5.6167,-54.4,80.65,88,71,4.43
348,Vila Do Maio,CV,2021-06-08 14:07:28,15.1333,-23.2167,88.59,83,2,14.67
349,Tungor,RU,2021-06-08 14:07:28,53.3808,142.9564,46.09,89,28,6.55
350,Shingu,JP,2021-06-08 14:07:28,33.7333,135.9833,70.07,76,5,4.88
351,Olinda,BR,2021-06-08 14:07:00,-8.0089,-34.8553,73.13,88,90,9.24
352,Sweetwater,US,2021-06-08 14:07:29,25.7634,-80.3731,86.02,69,40,1.99
353,Codrington,AU,2021-06-08 14:07:29,-38.2667,141.9667,51.55,70,100,27.78
354,Suriapet,IN,2021-06-08 14:07:29,17.15,79.6167,94.59,37,72,5.28
355,Port Lincoln,AU,2021-06-08 14:07:30,-34.7333,135.8667,55.06,57,100,22.46
356,Bud,US,2021-06-08 14:07:30,39.447,-86.1758,75.29,99,50,8.41
357,Teya,RU,2021-06-08 14:07:30,60.3778,92.6267,50.0,92,98,4.16
358,Turukhansk,RU,2021-06-08 14:07:31,65.8167,87.9833,45.12,50,97,10.31
359,Coihaique,CL,2021-06-08 14:07:31,-45.5752,-72.0662,50.11,66,75,9.22
360,Sola,VU,2021-06-08 14:07:31,-13.8833,167.55,78.24,76,100,18.7
361,Tsaratanana,MG,2021-06-08 14:07:31,-16.7833,47.65,74.01,55,24,12.24
362,Satun,TH,2021-06-08 14:07:32,6.8333,100.0,82.4,92,100,3.18
363,Shimoda,JP,2021-06-08 14:07:32,34.6667,138.95,69.8,77,4,10.49
364,Falam,MM,2021-06-08 14:07:32,22.9167,93.6833,66.36,85,97,3.27
365,Sinnamary,GF,2021-06-08 14:07:33,5.3833,-52.95,80.28,88,59,11.01
366,Kerrville,US,2021-06-08 14:04:37,30.0474,-99.1403,76.86,95,90,5.75
367,Navoi,UZ,2021-06-08 14:07:33,40.0844,65.3792,92.68,12,0,14.45
368,Geraldton,AU,2021-06-08 14:07:33,-28.7667,114.6,64.81,42,75,28.05
369,Gobabis,NA,2021-06-08 14:07:34,-22.45,18.9667,73.0,24,11,17.36
370,Vila Franca Do Campo,PT,2021-06-08 14:07:34,37.7167,-25.4333,70.21,80,100,9.93
371,Beaverton,US,2021-06-08 14:07:34,45.4871,-122.8037,53.82,84,90,1.99
372,Sakaiminato,JP,2021-06-08 14:07:34,35.55,133.2333,66.99,84,81,2.93
373,Sitka,US,2021-06-08 14:07:35,57.0531,-135.33,48.09,87,20,0.0
374,Pemba,MZ,2021-06-08 14:07:35,-12.974,40.5178,78.19,70,12,18.37
375,Pangai,TO,2021-06-08 14:07:35,-19.8,-174.35,76.24,70,100,8.28
376,Tautira,PF,2021-06-08 14:07:36,-17.7333,-149.15,77.0,77,86,10.58
377,Cockburn Town,TC,2021-06-08 14:07:36,21.4612,-71.1419,79.93,79,24,19.91
378,Nemuro,JP,2021-06-08 14:07:36,43.3236,145.575,43.45,89,0,11.1
379,Dubbo,AU,2021-06-08 14:07:37,-32.25,148.6167,41.13,93,90,0.0
380,Shache,CN,2021-06-08 14:07:37,38.4167,77.2406,88.65,16,49,7.99
381,Nisia Floresta,BR,2021-06-08 14:07:37,-6.0911,-35.2086,83.21,64,89,10.58
382,Gravdal,NO,2021-06-08 14:07:37,68.1214,13.5031,58.68,82,75,12.66
383,Irpa Irpa,BO,2021-06-08 14:07:38,-17.7167,-66.2667,64.26,20,80,2.01
384,Wukari,NG,2021-06-08 14:07:38,7.85,9.7833,95.68,43,29,2.98
385,Sioux Lookout,CA,2021-06-08 14:03:07,50.1001,-91.917,71.71,41,99,3.56
386,Impfondo,CG,2021-06-08 14:07:38,1.6381,18.0667,84.47,64,97,4.14
387,Heihe,CN,2021-06-08 14:07:38,50.2441,127.4902,68.58,67,100,7.14
388,Chinhoyi,ZW,2021-06-08 14:07:39,-17.3667,30.2,73.08,27,80,4.47
389,Richards Bay,ZA,2021-06-08 14:07:39,-28.783,32.0377,72.46,58,0,11.83
390,Sesheke,ZM,2021-06-08 14:07:39,-17.4759,24.2968,77.4,24,97,5.59
391,Nevers,FR,2021-06-08 14:03:32,46.9167,3.3333,75.79,46,0,7.29
392,Linkou,CN,2021-06-08 14:07:40,45.3,130.2833,62.33,71,91,1.79
393,Juneau,US,2021-06-08 14:06:46,58.3019,-134.4197,52.21,90,75,2.08
394,Dayong,CN,2021-06-08 14:07:40,25.0209,118.2898,74.88,95,100,1.61
395,Berbera,SO,2021-06-08 14:06:14,10.4396,45.0143,93.16,53,5,1.97
396,Angoche,MZ,2021-06-08 14:07:40,-16.2325,39.9086,75.33,68,34,12.33
397,Ulladulla,AU,2021-06-08 14:07:41,-35.35,150.4667,53.87,79,96,7.85
398,Karratha,AU,2021-06-08 14:07:41,-20.7377,116.8463,75.54,56,100,10.69
399,Rawson,AR,2021-06-08 14:07:41,-43.3002,-65.1023,59.29,48,100,34.9
400,Yeniseysk,RU,2021-06-08 14:07:42,58.4497,92.1703,64.62,68,77,8.95
401,Bilibino,RU,2021-06-08 14:07:42,68.0546,166.4372,51.06,84,100,6.78
402,Uspenka,UA,2021-06-08 14:07:42,48.3903,39.1619,68.85,73,100,10.42
403,Leningradskiy,RU,2021-06-08 14:07:42,69.3833,178.4167,34.21,88,54,8.93
404,Daye,CN,2021-06-08 14:07:43,30.0833,114.95,79.86,76,78,5.17
405,Paraiso,CR,2021-06-08 14:07:43,9.8383,-83.8656,72.95,77,74,1.63
406,San Alberto,CO,2021-06-08 14:07:43,7.7611,-73.3922,80.56,78,71,4.05
407,Mandalgovi,MN,2021-06-08 14:07:44,45.7625,106.2708,55.36,43,0,8.12
408,Mount Isa,AU,2021-06-08 14:07:44,-20.7333,139.5,60.57,39,0,13.8
409,Paracuru,BR,2021-06-08 14:07:44,-3.41,-39.0306,86.02,60,97,10.76
410,Ambilobe,MG,2021-06-08 14:07:44,-13.2,49.05,76.53,69,2,2.06
411,Flinders,AU,2021-06-08 14:07:45,-34.5833,150.8552,56.17,66,100,4.0
412,Hirara,JP,2021-06-08 14:07:45,24.8,125.2833,80.42,80,100,18.32
413,Muzaffargarh,PK,2021-06-08 14:07:45,30.0754,71.1921,104.02,16,0,10.02
414,Saint George,US,2021-06-08 14:07:45,37.1041,-113.5841,77.38,25,1,3.0
415,Sitio Novo Do Tocantins,BR,2021-06-08 14:07:46,-5.5183,-47.4611,88.61,48,65,4.05
416,Sur,OM,2021-06-08 14:07:46,22.5667,59.5289,92.44,59,0,3.38
417,New Castle,US,2021-06-08 14:07:46,41.0037,-80.347,78.12,89,90,4.61
418,Komsomolskiy,UZ,2021-06-08 14:07:47,40.4272,71.7189,88.52,27,3,9.22
419,Hay River,CA,2021-06-08 14:07:47,60.8156,-115.7999,40.28,83,100,0.69
420,Shatrovo,RU,2021-06-08 14:07:47,56.5167,64.6333,60.51,45,6,7.81
421,Tuatapere,NZ,2021-06-08 14:07:48,-46.1333,167.6833,49.82,92,100,3.8
422,Sebeta,ET,2021-06-08 14:07:48,8.9167,38.6167,78.71,19,70,15.59
423,Tinyahuarco,PE,2021-06-08 14:07:48,-10.75,-76.3,42.19,70,99,3.29
424,Aykino,RU,2021-06-08 14:07:48,62.2248,49.9922,63.41,22,2,3.96
425,Kavaratti,IN,2021-06-08 14:07:49,10.5669,72.642,83.61,75,62,16.78
426,Santa Maria,BR,2021-06-08 14:07:49,-29.6842,-53.8069,61.27,94,100,6.46
427,Morant Bay,JM,2021-06-08 14:07:49,17.8815,-76.4093,83.62,73,46,10.63
428,Bengkulu,ID,2021-06-08 14:07:50,-3.8004,102.2655,78.1,85,100,4.32
429,San Juan Del Sur,NI,2021-06-08 14:07:50,11.2529,-85.8705,81.18,74,79,10.96
430,Roma,US,2021-06-08 14:06:44,43.2128,-75.4557,75.06,93,20,0.0
431,Akhmim,EG,2021-06-08 14:07:50,26.5622,31.745,100.04,7,0,20.11
432,Kodinsk,RU,2021-06-08 14:07:50,58.6881,99.1844,52.95,52,98,5.93
433,Bridlington,GB,2021-06-08 14:07:51,54.0831,-0.1919,72.9,71,80,6.93
434,Isangel,VU,2021-06-08 14:07:51,-19.55,169.2667,69.55,72,100,9.08
435,Moron De La Frontera,ES,2021-06-08 14:07:51,37.1208,-5.454,96.48,15,0,9.04
436,Amethi,IN,2021-06-08 14:07:52,26.15,81.8167,107.13,17,100,10.71
437,Guangyuan,CN,2021-06-08 14:07:52,32.442,105.823,72.1,64,100,3.15
438,Eskisehir,TR,2021-06-08 14:07:52,39.7767,30.5206,62.51,82,75,2.3
439,Severnyy,RU,2021-06-08 14:07:52,50.677,36.5532,69.84,60,75,4.47
440,Antofagasta,CL,2021-06-08 14:05:07,-23.65,-70.4,64.47,62,64,3.58
441,Maroantsetra,MG,2021-06-08 14:07:53,-15.4333,49.7333,71.22,86,82,10.42
442,Aitape,PG,2021-06-08 14:07:53,-3.1374,142.3475,78.44,85,66,3.29
443,Helong,CN,2021-06-08 14:07:53,42.5397,128.9972,59.56,76,89,4.38
444,Sabha,LY,2021-06-08 14:07:54,27.0377,14.4283,102.06,9,6,6.24
445,Coquimbo,CL,2021-06-08 14:07:54,-29.9533,-71.3436,51.53,76,0,3.04
446,Ponta Do Sol,PT,2021-06-08 14:07:54,32.6667,-17.1,81.72,64,81,6.64
447,Baykit,RU,2021-06-08 14:07:55,61.67,96.37,43.43,80,100,8.3
448,Muzhi,RU,2021-06-08 14:07:55,65.3667,64.6667,52.11,33,53,14.16
449,Yerbogachen,RU,2021-06-08 14:07:55,61.2767,108.0108,41.43,71,51,3.83
450,Puerto Leguizamo,CO,2021-06-08 14:07:55,-0.1934,-74.7819,75.78,80,98,1.57
451,Progreso,MX,2021-06-08 14:07:56,21.2833,-89.6667,85.1,71,33,10.63
452,Ahipara,NZ,2021-06-08 14:07:56,-35.1667,173.1667,59.41,83,92,13.73
453,Nola,IT,2021-06-08 14:07:56,40.922,14.5329,78.31,83,93,4.0
454,Dunedin,NZ,2021-06-08 14:07:56,-45.8742,170.5036,49.8,77,99,8.01
455,Bonfim,BR,2021-06-08 14:07:57,3.0833,-59.95,84.04,67,31,4.76
456,Mbigou,GA,2021-06-08 14:07:57,-1.9005,11.906,81.55,64,52,4.03
457,Andenes,NO,2021-06-08 14:07:57,69.3143,16.1194,53.47,81,75,6.91
458,Mbini,GQ,2021-06-08 14:07:58,1.574,9.6134,82.47,77,84,6.6
459,Cozumel,MX,2021-06-08 14:07:58,20.5083,-86.9458,84.18,87,75,4.0
460,Salinopolis,BR,2021-06-08 14:07:58,-0.6136,-47.3561,83.91,72,93,7.92
461,Margate,GB,2021-06-08 14:07:58,51.3813,1.3862,75.06,77,42,5.53
462,Peleduy,RU,2021-06-08 14:07:59,59.6289,112.7406,45.3,54,1,2.86
463,Bijie,CN,2021-06-08 14:07:59,27.3125,105.2942,63.41,94,100,4.54
464,Ossora,RU,2021-06-08 14:07:59,59.2353,163.0719,40.59,93,99,4.05
465,Hualmay,PE,2021-06-08 14:08:00,-11.0964,-77.6139,65.01,79,100,4.14
466,Caravelas,BR,2021-06-08 14:08:00,-17.7125,-39.2481,81.09,64,37,5.53
467,Muros,ES,2021-06-08 14:08:00,42.7762,-9.0603,78.1,33,15,15.97
468,San Felipe,VE,2021-06-08 14:08:00,10.3399,-68.7425,80.53,76,95,1.57
469,Kargasok,RU,2021-06-08 14:08:01,59.0556,80.8572,41.23,78,100,14.88
470,Elsfleth,DE,2021-06-08 14:08:01,53.2375,8.4566,76.14,69,13,9.44
471,Noumea,NC,2021-06-08 14:08:01,-22.2763,166.4572,66.99,99,63,4.65
472,Vieste,IT,2021-06-08 14:08:02,41.8825,16.175,71.53,74,15,10.2
473,Anadyr,RU,2021-06-08 14:08:02,64.75,177.4833,43.3,56,0,9.91
474,Nome,US,2021-06-08 14:06:32,64.5011,-165.4064,37.47,87,90,6.91
475,Rumboci,BA,2021-06-08 14:08:02,43.8322,17.5011,79.39,53,60,9.95
476,Merauke,ID,2021-06-08 14:08:02,-8.4667,140.3333,76.5,90,12,11.1
477,Pokhara,NP,2021-06-08 14:08:03,28.2333,83.9833,73.76,76,93,6.22
478,Kristiansund,NO,2021-06-08 14:08:03,63.1115,7.732,62.65,72,75,8.05
479,Chimbote,PE,2021-06-08 14:05:14,-9.0853,-78.5783,65.93,81,100,7.74
480,Chicama,PE,2021-06-08 14:08:04,-7.8447,-79.1469,64.94,77,95,7.16
481,Tevriz,RU,2021-06-08 14:08:04,57.509,72.4042,56.07,42,40,7.43
482,Saint Marys,US,2021-06-08 14:08:04,30.7305,-81.5465,86.22,69,90,3.0
483,Ulaanbaatar,MN,2021-06-08 14:08:05,47.9077,106.8832,46.53,81,20,5.55
484,Singleton,AU,2021-06-08 14:08:05,-32.5667,151.1833,53.98,94,100,3.0
485,Mosetse,BW,2021-06-08 14:08:05,-20.75,26.65,72.41,28,32,4.43
486,Dalbandin,PK,2021-06-08 14:08:05,28.8947,64.4101,110.37,5,1,8.23
487,Auki,SB,2021-06-08 14:08:06,-8.7676,160.7034,75.81,87,77,5.12
488,Calvinia,ZA,2021-06-08 14:08:06,-31.4707,19.776,54.77,71,100,8.9
489,Kirakira,SB,2021-06-08 14:08:06,-10.4544,161.9205,77.25,84,98,7.09
490,Shitanjing,CN,2021-06-08 14:08:07,39.2342,106.3439,72.97,16,100,15.66
491,Hearst,CA,2021-06-08 14:08:07,49.6835,-83.6665,66.4,53,100,4.76
492,Aksu,CN,2021-06-08 14:08:07,41.1231,80.2644,86.29,18,100,0.47
493,Calama,CL,2021-06-08 14:08:07,-22.4667,-68.9333,57.69,12,0,18.41
494,Marolambo,MG,2021-06-08 14:08:08,-20.05,48.1167,62.42,82,92,2.93
495,Awash,ET,2021-06-08 14:08:08,8.9833,40.1667,76.8,56,76,13.42
496,Kenai,US,2021-06-08 14:08:08,60.5544,-151.2583,51.03,80,1,5.75
497,Navsari,IN,2021-06-08 14:08:09,20.9524,72.9324,85.89,69,6,13.76
498,Manado,ID,2021-06-08 14:03:37,1.487,124.8455,79.57,94,20,1.88
499,Athabasca,CA,2021-06-08 14:06:42,54.7169,-113.2854,46.94,72,50,5.68
500,Nauta,PE,2021-06-08 14:08:09,-4.5061,-73.5757,80.06,77,48,1.95
501,Ponta Delgada,PT,2021-06-08 14:08:09,37.7333,-25.6667,70.52,83,40,10.36
502,Uray,RU,2021-06-08 14:08:10,60.1247,64.7758,58.32,35,62,4.12
503,Lavrentiya,RU,2021-06-08 14:08:10,65.5833,-171.0,33.44,85,87,4.97
504,Fort Morgan,US,2021-06-08 14:08:10,40.2503,-103.8,70.81,63,1,5.75
505,Potosi,BO,2021-06-08 14:08:10,-19.5836,-65.7531,41.45,14,91,4.79
506,Port Hardy,CA,2021-06-08 14:08:11,50.6996,-127.4199,46.58,93,90,5.75
507,Matagami,CA,2021-06-08 14:08:11,49.7502,-77.6328,61.86,45,100,6.64
508,Ayan,RU,2021-06-08 14:08:12,56.45,138.1667,54.93,78,52,6.6
509,Bonito,BR,2021-06-08 14:04:11,-21.1211,-56.4819,71.55,86,78,2.06
510,Haines Junction,CA,2021-06-08 14:08:12,60.7522,-137.5108,41.76,76,0,2.53
511,Aseri,EE,2021-06-08 14:08:12,59.4506,26.8675,60.49,65,18,8.61
512,Ahuimanu,US,2021-06-08 14:08:13,21.4447,-157.8378,74.91,74,20,14.58
513,Umm Lajj,SA,2021-06-08 14:08:13,25.0213,37.2685,87.35,55,5,23.69
514,Lata,PT,2021-06-08 14:08:13,40.1629,-8.3327,84.34,47,2,9.69
515,Morondava,MG,2021-06-08 14:08:14,-20.2833,44.2833,78.26,55,0,11.63
516,Luxor,EG,2021-06-08 14:08:02,25.6989,32.6421,103.8,6,0,19.33
517,Gaeta,IT,2021-06-08 14:08:14,41.2183,13.5628,72.9,70,13,9.13
518,Shasta Lake,US,2021-06-08 14:08:14,40.6804,-122.3708,56.12,54,4,1.52
519,Dingle,PH,2021-06-08 14:08:15,10.9995,122.6711,77.97,88,100,0.13
520,Halifax,CA,2021-06-08 14:08:15,44.6453,-63.5724,89.53,62,84,1.01
521,Pareora,NZ,2021-06-08 14:08:15,-44.4871,171.2132,44.19,97,10,4.83
522,Los Llanos De Aridane,ES,2021-06-08 14:08:16,28.6585,-17.9182,67.75,78,0,3.65
523,Kurayoshi,JP,2021-06-08 14:08:16,35.4333,133.8167,64.17,89,56,2.53
524,Maragogi,BR,2021-06-08 14:08:16,-9.0122,-35.2225,80.67,75,59,6.6
525,Nago,JP,2021-06-08 14:08:16,26.5881,127.9761,77.85,88,100,6.67
526,Oranjemund,NA,2021-06-08 14:08:17,-28.55,16.4333,62.2,73,12,11.95
527,Amuntai,ID,2021-06-08 14:08:17,-2.4177,115.2494,80.26,74,100,0.87
528,Puerto Maldonado,PE,2021-06-08 14:08:17,-12.6,-69.1833,77.4,94,75,1.14
529,Atocha,BO,2021-06-08 14:08:18,-20.9333,-66.2333,37.89,24,94,10.27
530,Bjornevatn,NO,2021-06-08 14:08:18,69.6672,29.9847,59.34,47,20,8.05
